Item Name,Item Price
Strange Specialized Killstreak Phlogistinator,"ARS$ 2.700,00"
Strange Specialized Killstreak Phlogistinator,$57.50 USD
Strange Specialized Killstreak Phlogistinator,"ARS$ 17.020,00"
Strange Rocket Launcher,"46,98 TL"
Strange Rocket Launcher,599 pуб.
Strange Rocket Launcher,"977,50 pуб."
Strange Rocket Launcher,1149 pуб.
Strange Rocket Launcher,"19,98€"
Strange Rocket Launcher,£25.73
Strange Rocket Launcher,£28.00
Strange Rocket Launcher,3699 pуб.
Strange Crusader's Crossbow,"1231,09 pуб."
